{
  "model1": {
    "lr_cv": 0.6384969783290309,
    "lr_test": 0.6478537360890302,
    "xgb_cv": 0.62696537194742,
    "xgb_test": 0.6271860095389508
  },
  "model2": {
    "cv": 0.5209797928844841,
    "test": 0.5317965023847376
  },
  "model3": {
    "cv": 0.5925606559647093,
    "test": 0.5794912559618441
  },
  "model4": {
    "cv": 0.5001896414944657,
    "test": 0.47433903576982894
  }
}