{
  "model1": {
    "lr_cv": 0.634518461371077,
    "lr_test": 0.6478537360890302,
    "xgb_cv": 0.6225852843140165,
    "xgb_test": 0.6446740858505564
  },
  "model2": {
    "cv": 0.5146179638586392,
    "test": 0.5381558028616852
  },
  "model3": {
    "cv": 0.588386101302632,
    "test": 0.589825119236884
  },
  "model4": {
    "cv": 0.4990291262135923,
    "test": 0.48055987558320373
  }
}